vid_id,vid_channel_id,vid_deets,vid_response,title,publishedAt,tcomment_id,tcresponse,textDisplay,textOriginal,totalReplyCount,rep_comment,reply_id,comment,authorChannelId,authorDisplayName,com_id
PAEFiJD4kc8,,,,,2022-06-30T21:33:05Z,UgynOtO9VpTR4HIz5qZ4AaABAg,"{'kind': 'youtube#commentThread', 'etag': 'ejep8g7iWCPMynP5g38Ws44GNzk', 'id': 'UgynOtO9VpTR4HIz5qZ4AaABAg', 'snippet': {'channelId': 'UC2IE2CK5Cw_26wVv3hPbAgQ', 'videoId': 'PAEFiJD4kc8', 'topLevelComment': {'kind': 'youtube#comment', 'etag': 'zSKNJEKM5rdZAHlh_geZCR_BLXk', 'id': 'UgynOtO9VpTR4HIz5qZ4AaABAg', 'snippet': {'channelId': 'UC2IE2CK5Cw_26wVv3hPbAgQ', 'videoId': 'PAEFiJD4kc8', 'textDisplay': 'Thank you David Ramsey. You gave taught me how to use my Gemini Express Italian Stovetop Espresso Maker!', 'textOriginal': 'Thank you David Ramsey. You gave taught me how to use my Gemini Express Italian Stovetop Espresso Maker!', 'authorDisplayName': 'Ben Hurray', 'authorProfileImageUrl': 'https://yt3.ggpht.com/ytc/AL5GRJX5Dvzej3aWp4ivzXLYD8255o8XQDhHBwggD8UVCQ=s48-c-k-c0x00ffffff-no-rj', 'authorChannelUrl': 'http://www.youtube.com/channel/UCAWPHimLyMSF7gavGKbKzQQ', 'authorChannelId': {'value': 'UCAWPHimLyMSF7gavGKbKzQQ'}, 'canRate': True, 'viewerRating': 'none', 'likeCount': 1, 'publishedAt': '2022-06-30T21:33:05Z', 'updatedAt': '2022-06-30T21:33:05Z'}}, 'canReply': True, 'totalReplyCount': 1, 'isPublic': True}, 'replies': {'comments': [{'kind': 'youtube#comment', 'etag': 'VosWVVtREOIVt_wdbsgHIb82UqI', 'id': 'UgynOtO9VpTR4HIz5qZ4AaABAg.9cuy7WQhDY29cvim7nXvNd', 'snippet': {'channelId': 'UC2IE2CK5Cw_26wVv3hPbAgQ', 'videoId': 'PAEFiJD4kc8', 'textDisplay': 'happy to help.', 'textOriginal': 'happy to help.', 'parentId': 'UgynOtO9VpTR4HIz5qZ4AaABAg', 'authorDisplayName': 'David Ramsey', 'authorProfileImageUrl': 'https://yt3.ggpht.com/ytc/AL5GRJVgBXMSJGvbXHkQyOscuqF5A6Tk-rAkEPE35urVmQ=s48-c-k-c0x00ffffff-no-rj', 'authorChannelUrl': 'http://www.youtube.com/channel/UC2IE2CK5Cw_26wVv3hPbAgQ', 'authorChannelId': {'value': 'UC2IE2CK5Cw_26wVv3hPbAgQ'}, 'canRate': True, 'viewerRating': 'none', 'likeCount': 0, 'publishedAt': '2022-07-01T04:38:12Z', 'updatedAt': '2022-07-01T04:38:12Z'}}]}}",Thank you David Ramsey. You gave taught me how to use my Gemini Express Italian Stovetop Espresso Maker!,Thank you David Ramsey. You gave taught me how to use my Gemini Express Italian Stovetop Espresso Maker!,1.0,,,Thank you David Ramsey. You gave taught me how to use my Gemini Express Italian Stovetop Espresso Maker!,UCAWPHimLyMSF7gavGKbKzQQ,Ben Hurray,UgynOtO9VpTR4HIz5qZ4AaABAg
PAEFiJD4kc8,,,,,2022-07-01T04:38:12Z,,"{'kind': 'youtube#comment', 'etag': 'VosWVVtREOIVt_wdbsgHIb82UqI', 'id': 'UgynOtO9VpTR4HIz5qZ4AaABAg.9cuy7WQhDY29cvim7nXvNd', 'snippet': {'channelId': 'UC2IE2CK5Cw_26wVv3hPbAgQ', 'videoId': 'PAEFiJD4kc8', 'textDisplay': 'happy to help.', 'textOriginal': 'happy to help.', 'parentId': 'UgynOtO9VpTR4HIz5qZ4AaABAg', 'authorDisplayName': 'David Ramsey', 'authorProfileImageUrl': 'https://yt3.ggpht.com/ytc/AL5GRJVgBXMSJGvbXHkQyOscuqF5A6Tk-rAkEPE35urVmQ=s48-c-k-c0x00ffffff-no-rj', 'authorChannelUrl': 'http://www.youtube.com/channel/UC2IE2CK5Cw_26wVv3hPbAgQ', 'authorChannelId': {'value': 'UC2IE2CK5Cw_26wVv3hPbAgQ'}, 'canRate': True, 'viewerRating': 'none', 'likeCount': 0, 'publishedAt': '2022-07-01T04:38:12Z', 'updatedAt': '2022-07-01T04:38:12Z'}}",happy to help.,happy to help.,,"{'kind': 'youtube#comment', 'etag': 'VosWVVtREOIVt_wdbsgHIb82UqI', 'id': 'UgynOtO9VpTR4HIz5qZ4AaABAg.9cuy7WQhDY29cvim7nXvNd', 'snippet': {'channelId': 'UC2IE2CK5Cw_26wVv3hPbAgQ', 'videoId': 'PAEFiJD4kc8', 'textDisplay': 'happy to help.', 'textOriginal': 'happy to help.', 'parentId': 'UgynOtO9VpTR4HIz5qZ4AaABAg', 'authorDisplayName': 'David Ramsey', 'authorProfileImageUrl': 'https://yt3.ggpht.com/ytc/AL5GRJVgBXMSJGvbXHkQyOscuqF5A6Tk-rAkEPE35urVmQ=s48-c-k-c0x00ffffff-no-rj', 'authorChannelUrl': 'http://www.youtube.com/channel/UC2IE2CK5Cw_26wVv3hPbAgQ', 'authorChannelId': {'value': 'UC2IE2CK5Cw_26wVv3hPbAgQ'}, 'canRate': True, 'viewerRating': 'none', 'likeCount': 0, 'publishedAt': '2022-07-01T04:38:12Z', 'updatedAt': '2022-07-01T04:38:12Z'}}",UgynOtO9VpTR4HIz5qZ4AaABAg.9cuy7WQhDY29cvim7nXvNd,happy to help.,UC2IE2CK5Cw_26wVv3hPbAgQ,David Ramsey,UgynOtO9VpTR4HIz5qZ4AaABAg.9cuy7WQhDY29cvim7nXvNd
PAEFiJD4kc8,,,,,2022-01-03T17:37:52Z,UgxWTr6pM8Q8tPOm5G94AaABAg,"{'kind': 'youtube#commentThread', 'etag': 'ucG4YgiHKl_HbbDWB5iHJ3e8Q5k', 'id': 'UgxWTr6pM8Q8tPOm5G94AaABAg', 'snippet': {'channelId': 'UC2IE2CK5Cw_26wVv3hPbAgQ', 'videoId': 'PAEFiJD4kc8', 'topLevelComment': {'kind': 'youtube#comment', 'etag': '97ex79u680F0knzQlBmVhne5SLM', 'id': 'UgxWTr6pM8Q8tPOm5G94AaABAg', 'snippet': {'channelId': 'UC2IE2CK5Cw_26wVv3hPbAgQ', 'videoId': 'PAEFiJD4kc8', 'textDisplay': 'Great work David', 'textOriginal': 'Great work David', 'authorDisplayName': 'Nick Thune', 'authorProfileImageUrl': 'https://yt3.ggpht.com/ytc/AL5GRJWPdcP2a0SKDL6dRlhN-feySeKFXqgNtR2gbzuZzA=s48-c-k-c0x00ffffff-no-rj', 'authorChannelUrl': 'http://www.youtube.com/channel/UCKQEmZ6p6slj21uAlr2Yicg', 'authorChannelId': {'value': 'UCKQEmZ6p6slj21uAlr2Yicg'}, 'canRate': True, 'viewerRating': 'none', 'likeCount': 1, 'publishedAt': '2022-01-03T17:37:52Z', 'updatedAt': '2022-01-03T17:37:52Z'}}, 'canReply': True, 'totalReplyCount': 0, 'isPublic': True}}",Great work David,Great work David,0.0,,,Great work David,UCKQEmZ6p6slj21uAlr2Yicg,Nick Thune,UgxWTr6pM8Q8tPOm5G94AaABAg
1w7w7ow4iEo,,,,,2021-12-12T05:25:14Z,UgxgOIqx9K9vbY0Q2FJ4AaABAg,"{'kind': 'youtube#commentThread', 'etag': 'ux7vSsqHOuKcFUCn0UrQGhKzwuI', 'id': 'UgxgOIqx9K9vbY0Q2FJ4AaABAg', 'snippet': {'channelId': 'UC2IE2CK5Cw_26wVv3hPbAgQ', 'videoId': '1w7w7ow4iEo', 'topLevelComment': {'kind': 'youtube#comment', 'etag': 'C_wpNBRMeoQ1YpfSiIfrSL6oqm0', 'id': 'UgxgOIqx9K9vbY0Q2FJ4AaABAg', 'snippet': {'channelId': 'UC2IE2CK5Cw_26wVv3hPbAgQ', 'videoId': '1w7w7ow4iEo', 'textDisplay': ""i heard someone (machine engineer but unrelated to the coffee industry if i remember correctly) suggesting the blade itself might warp if you dont chim right where the screws are... havent heard matt perger or anyone else mention this, but it kind of makes sense to me. And would possibly explain the difficulties i'm  having myself aligning this beast."", 'textOriginal': ""i heard someone (machine engineer but unrelated to the coffee industry if i remember correctly) suggesting the blade itself might warp if you dont chim right where the screws are... havent heard matt perger or anyone else mention this, but it kind of makes sense to me. And would possibly explain the difficulties i'm  having myself aligning this beast."", 'authorDisplayName': 'Philipp Konig', 'authorProfileImageUrl': 'https://yt3.ggpht.com/ytc/AL5GRJUyl_MAc53lcYUorAIdJnsfD3oRb1SVR79qig=s48-c-k-c0x00ffffff-no-rj', 'authorChannelUrl': 'http://www.youtube.com/channel/UCVyy_gHYQSJZ6LCG82ysK3w', 'authorChannelId': {'value': 'UCVyy_gHYQSJZ6LCG82ysK3w'}, 'canRate': True, 'viewerRating': 'none', 'likeCount': 1, 'publishedAt': '2021-12-12T05:25:14Z', 'updatedAt': '2021-12-12T05:25:14Z'}}, 'canReply': True, 'totalReplyCount': 1, 'isPublic': True}, 'replies': {'comments': [{'kind': 'youtube#comment', 'etag': 'pS8nuaHvigKkDx_PPPx8zVyjcW0', 'id': 'UgxgOIqx9K9vbY0Q2FJ4AaABAg.9VqFNi4sRBu9W4O08aGIEN', 'snippet': {'channelId': 'UC2IE2CK5Cw_26wVv3hPbAgQ', 'videoId': '1w7w7ow4iEo', 'textDisplay': 'exactly', 'textOriginal': 'exactly', 'parentId': 'UgxgOIqx9K9vbY0Q2FJ4AaABAg', 'authorDisplayName': 'JP jay', 'authorProfileImageUrl': 'https://yt3.ggpht.com/ytc/AL5GRJUCFxIOl7w4i8_UdT1-IX7jIMWcFJwMtpg7RSNm=s48-c-k-c0x00ffffff-no-rj', 'authorChannelUrl': 'http://www.youtube.com/channel/UCkAkpw-NppqCV75VXoQG-oQ', 'authorChannelId': {'value': 'UCkAkpw-NppqCV75VXoQG-oQ'}, 'canRate': True, 'viewerRating': 'none', 'likeCount': 0, 'publishedAt': '2021-12-18T02:29:15Z', 'updatedAt': '2021-12-18T02:29:15Z'}}]}}","i heard someone (machine engineer but unrelated to the coffee industry if i remember correctly) suggesting the blade itself might warp if you dont chim right where the screws are... havent heard matt perger or anyone else mention this, but it kind of makes sense to me. And would possibly explain the difficulties i'm  having myself aligning this beast.","i heard someone (machine engineer but unrelated to the coffee industry if i remember correctly) suggesting the blade itself might warp if you dont chim right where the screws are... havent heard matt perger or anyone else mention this, but it kind of makes sense to me. And would possibly explain the difficulties i'm  having myself aligning this beast.",1.0,,,"i heard someone (machine engineer but unrelated to the coffee industry if i remember correctly) suggesting the blade itself might warp if you dont chim right where the screws are... havent heard matt perger or anyone else mention this, but it kind of makes sense to me. And would possibly explain the difficulties i'm  having myself aligning this beast.",UCVyy_gHYQSJZ6LCG82ysK3w,Philipp Konig,UgxgOIqx9K9vbY0Q2FJ4AaABAg
1w7w7ow4iEo,,,,,2021-12-18T02:29:15Z,,"{'kind': 'youtube#comment', 'etag': 'pS8nuaHvigKkDx_PPPx8zVyjcW0', 'id': 'UgxgOIqx9K9vbY0Q2FJ4AaABAg.9VqFNi4sRBu9W4O08aGIEN', 'snippet': {'channelId': 'UC2IE2CK5Cw_26wVv3hPbAgQ', 'videoId': '1w7w7ow4iEo', 'textDisplay': 'exactly', 'textOriginal': 'exactly', 'parentId': 'UgxgOIqx9K9vbY0Q2FJ4AaABAg', 'authorDisplayName': 'JP jay', 'authorProfileImageUrl': 'https://yt3.ggpht.com/ytc/AL5GRJUCFxIOl7w4i8_UdT1-IX7jIMWcFJwMtpg7RSNm=s48-c-k-c0x00ffffff-no-rj', 'authorChannelUrl': 'http://www.youtube.com/channel/UCkAkpw-NppqCV75VXoQG-oQ', 'authorChannelId': {'value': 'UCkAkpw-NppqCV75VXoQG-oQ'}, 'canRate': True, 'viewerRating': 'none', 'likeCount': 0, 'publishedAt': '2021-12-18T02:29:15Z', 'updatedAt': '2021-12-18T02:29:15Z'}}",exactly,exactly,,"{'kind': 'youtube#comment', 'etag': 'pS8nuaHvigKkDx_PPPx8zVyjcW0', 'id': 'UgxgOIqx9K9vbY0Q2FJ4AaABAg.9VqFNi4sRBu9W4O08aGIEN', 'snippet': {'channelId': 'UC2IE2CK5Cw_26wVv3hPbAgQ', 'videoId': '1w7w7ow4iEo', 'textDisplay': 'exactly', 'textOriginal': 'exactly', 'parentId': 'UgxgOIqx9K9vbY0Q2FJ4AaABAg', 'authorDisplayName': 'JP jay', 'authorProfileImageUrl': 'https://yt3.ggpht.com/ytc/AL5GRJUCFxIOl7w4i8_UdT1-IX7jIMWcFJwMtpg7RSNm=s48-c-k-c0x00ffffff-no-rj', 'authorChannelUrl': 'http://www.youtube.com/channel/UCkAkpw-NppqCV75VXoQG-oQ', 'authorChannelId': {'value': 'UCkAkpw-NppqCV75VXoQG-oQ'}, 'canRate': True, 'viewerRating': 'none', 'likeCount': 0, 'publishedAt': '2021-12-18T02:29:15Z', 'updatedAt': '2021-12-18T02:29:15Z'}}",UgxgOIqx9K9vbY0Q2FJ4AaABAg.9VqFNi4sRBu9W4O08aGIEN,exactly,UCkAkpw-NppqCV75VXoQG-oQ,JP jay,UgxgOIqx9K9vbY0Q2FJ4AaABAg.9VqFNi4sRBu9W4O08aGIEN
PAEFiJD4kc8,,,,,2021-10-15T19:32:13Z,Ugz44FZdnJ6g4MGF8_x4AaABAg,"{'kind': 'youtube#commentThread', 'etag': 'M4wE68eE4NPD26SDlzN9HRIKheY', 'id': 'Ugz44FZdnJ6g4MGF8_x4AaABAg', 'snippet': {'channelId': 'UC2IE2CK5Cw_26wVv3hPbAgQ', 'videoId': 'PAEFiJD4kc8', 'topLevelComment': {'kind': 'youtube#comment', 'etag': 'eu1N9LlnPsFRmuWnNuVRcRQnw24', 'id': 'Ugz44FZdnJ6g4MGF8_x4AaABAg', 'snippet': {'channelId': 'UC2IE2CK5Cw_26wVv3hPbAgQ', 'videoId': 'PAEFiJD4kc8', 'textDisplay': 'thank you for this video! really helped me learn more about this delightful device as i become more interested in espresso and how to make it at home.', 'textOriginal': 'thank you for this video! really helped me learn more about this delightful device as i become more interested in espresso and how to make it at home.', 'authorDisplayName': 'Yo', 'authorProfileImageUrl': 'https://yt3.ggpht.com/ytc/AL5GRJVibE6j7H_Nc8Oq9iUHk9kJtDluA-N6cOHu37Lcj77IWzS8OwHe--E7ubCztMhGAQ=s48-c-k-c0x00ffffff-no-rj', 'authorChannelUrl': 'http://www.youtube.com/channel/UCkRC_dhv_i-qNSYN489j4ZA', 'authorChannelId': {'value': 'UCkRC_dhv_i-qNSYN489j4ZA'}, 'canRate': True, 'viewerRating': 'none', 'likeCount': 0, 'publishedAt': '2021-10-15T19:32:13Z', 'updatedAt': '2021-10-15T19:32:13Z'}}, 'canReply': True, 'totalReplyCount': 0, 'isPublic': True}}",thank you for this video! really helped me learn more about this delightful device as i become more interested in espresso and how to make it at home.,thank you for this video! really helped me learn more about this delightful device as i become more interested in espresso and how to make it at home.,0.0,,,thank you for this video! really helped me learn more about this delightful device as i become more interested in espresso and how to make it at home.,UCkRC_dhv_i-qNSYN489j4ZA,Yo,Ugz44FZdnJ6g4MGF8_x4AaABAg
PAEFiJD4kc8,,,,,2021-07-07T21:32:44Z,Ugy3OIJC-y46AkWcrQh4AaABAg,"{'kind': 'youtube#commentThread', 'etag': '_-j772z04fRnVXPmtCXin32Dt-U', 'id': 'Ugy3OIJC-y46AkWcrQh4AaABAg', 'snippet': {'channelId': 'UC2IE2CK5Cw_26wVv3hPbAgQ', 'videoId': 'PAEFiJD4kc8', 'topLevelComment': {'kind': 'youtube#comment', 'etag': '5TMPMEbKXJD0_IrrXZdjUFtcbSY', 'id': 'Ugy3OIJC-y46AkWcrQh4AaABAg', 'snippet': {'channelId': 'UC2IE2CK5Cw_26wVv3hPbAgQ', 'videoId': 'PAEFiJD4kc8', 'textDisplay': 'old video but thank you Dave!', 'textOriginal': 'old video but thank you Dave!', 'authorDisplayName': 'Victoria', 'authorProfileImageUrl': 'https://yt3.ggpht.com/VuM7GTYtACggoChfbMKPhj2851VyRvrkS4XwTcKevUADfwIBRx7gWO6pdsBp0Fwu6m0VjKMbfDw=s48-c-k-c0x00ffffff-no-rj', 'authorChannelUrl': 'http://www.youtube.com/channel/UCKynnAynNbPQ_6lYjLznb7A', 'authorChannelId': {'value': 'UCKynnAynNbPQ_6lYjLznb7A'}, 'canRate': True, 'viewerRating': 'none', 'likeCount': 0, 'publishedAt': '2021-07-07T21:32:44Z', 'updatedAt': '2021-07-07T21:32:44Z'}}, 'canReply': True, 'totalReplyCount': 0, 'isPublic': True}}",old video but thank you Dave!,old video but thank you Dave!,0.0,,,old video but thank you Dave!,UCKynnAynNbPQ_6lYjLznb7A,Victoria,Ugy3OIJC-y46AkWcrQh4AaABAg
1w7w7ow4iEo,,,,,2020-03-22T18:43:10Z,Ugy6x8ND4X1qDc2lVct4AaABAg,"{'kind': 'youtube#commentThread', 'etag': 'yuGJ9yfJg_XlA2WPnJ2W1yz2iEk', 'id': 'Ugy6x8ND4X1qDc2lVct4AaABAg', 'snippet': {'channelId': 'UC2IE2CK5Cw_26wVv3hPbAgQ', 'videoId': '1w7w7ow4iEo', 'topLevelComment': {'kind': 'youtube#comment', 'etag': 'MNKP9cddtyoJ7Xw8r-GZHPzguNs', 'id': 'Ugy6x8ND4X1qDc2lVct4AaABAg', 'snippet': {'channelId': 'UC2IE2CK5Cw_26wVv3hPbAgQ', 'videoId': '1w7w7ow4iEo', 'textDisplay': ""Take the process of elimination approach. Always make one change at a time before testing. This is my take:\nObjective: determine if those 2 high spots are inherent to the burr or if it's an external factor; if it's an external factor, what can you do to trouble shoot what it is. if it's related to the burrs themselves, what can you do, if anything? \n\nGet a microfiber cloth and thoroughly clean all relevant elements. \n\nUse sensitive calipers to measure the thickness of the high and low spots, see if there's and variation.\n\nMark where these 2 high spots are on the burr with a sharpie. Try rotating the burrs to a new position on either the carrier or the inner chamber and screw them in and see if the high spots change. \n\nTry swapping the burrs after if nothing. \n-------------------------If high spots remain, there is a manufacturing inconsistency that you'll have to live with? You could upgrade from your Turkish burrs to SPP burrs if you \nreally want excellent. \n\nuse a powered drill to speed up the process of repeatedly removing the face plate."", 'textOriginal': ""Take the process of elimination approach. Always make one change at a time before testing. This is my take:\nObjective: determine if those 2 high spots are inherent to the burr or if it's an external factor; if it's an external factor, what can you do to trouble shoot what it is. if it's related to the burrs themselves, what can you do, if anything? \n\nGet a microfiber cloth and thoroughly clean all relevant elements. \n\nUse sensitive calipers to measure the thickness of the high and low spots, see if there's and variation.\n\nMark where these 2 high spots are on the burr with a sharpie. Try rotating the burrs to a new position on either the carrier or the inner chamber and screw them in and see if the high spots change. \n\nTry swapping the burrs after if nothing. \n-------------------------If high spots remain, there is a manufacturing inconsistency that you'll have to live with? You could upgrade from your Turkish burrs to SPP burrs if you \nreally want excellent. \n\nuse a powered drill to speed up the process of repeatedly removing the face plate."", 'authorDisplayName': 'Succulent Lord', 'authorProfileImageUrl': 'https://yt3.ggpht.com/ytc/AL5GRJW4AG4V3GJJxB_QuN50A18soLix1Y1HlyTBVBc=s48-c-k-c0x00ffffff-no-rj', 'authorChannelUrl': 'http://www.youtube.com/channel/UCXoOflqS9MihzO8Qu8529CQ', 'authorChannelId': {'value': 'UCXoOflqS9MihzO8Qu8529CQ'}, 'canRate': True, 'viewerRating': 'none', 'likeCount': 0, 'publishedAt': '2020-03-22T18:43:10Z', 'updatedAt': '2020-03-22T18:44:10Z'}}, 'canReply': True, 'totalReplyCount': 1, 'isPublic': True}, 'replies': {'comments': [{'kind': 'youtube#comment', 'etag': 'o5-DKCI2sRH2KnvBEJeifOct5l0', 'id': 'Ugy6x8ND4X1qDc2lVct4AaABAg.96WTthl_H2k96ZVzRFWxVl', 'snippet': {'channelId': 'UC2IE2CK5Cw_26wVv3hPbAgQ', 'videoId': '1w7w7ow4iEo', 'textDisplay': ""Thank you so much for your feedback.  I went ahead ad the the Hale version of sanding the burr carriage and grinding chamber.  It worked.  here's a video of the method I used.  thanks so much for your help. https://www.youtube.com/watch?time_continue=130&v=GPHfzFsma3o&feature=emb_logo"", 'textOriginal': ""Thank you so much for your feedback.  I went ahead ad the the Hale version of sanding the burr carriage and grinding chamber.  It worked.  here's a video of the method I used.  thanks so much for your help. https://www.youtube.com/watch?time_continue=130&v=GPHfzFsma3o&feature=emb_logo"", 'parentId': 'Ugy6x8ND4X1qDc2lVct4AaABAg', 'authorDisplayName': 'David Ramsey', 'authorProfileImageUrl': 'https://yt3.ggpht.com/ytc/AL5GRJVgBXMSJGvbXHkQyOscuqF5A6Tk-rAkEPE35urVmQ=s48-c-k-c0x00ffffff-no-rj', 'authorChannelUrl': 'http://www.youtube.com/channel/UC2IE2CK5Cw_26wVv3hPbAgQ', 'authorChannelId': {'value': 'UC2IE2CK5Cw_26wVv3hPbAgQ'}, 'canRate': True, 'viewerRating': 'none', 'likeCount': 0, 'publishedAt': '2020-03-23T22:59:08Z', 'updatedAt': '2020-03-23T22:59:08Z'}}]}}","Take the process of elimination approach. Always make one change at a time before testing. This is my take:
Objective: determine if those 2 high spots are inherent to the burr or if it's an external factor; if it's an external factor, what can you do to trouble shoot what it is. if it's related to the burrs themselves, what can you do, if anything? 

Get a microfiber cloth and thoroughly clean all relevant elements. 

Use sensitive calipers to measure the thickness of the high and low spots, see if there's and variation.

Mark where these 2 high spots are on the burr with a sharpie. Try rotating the burrs to a new position on either the carrier or the inner chamber and screw them in and see if the high spots change. 

Try swapping the burrs after if nothing. 
-------------------------If high spots remain, there is a manufacturing inconsistency that you'll have to live with? You could upgrade from your Turkish burrs to SPP burrs if you 
really want excellent. 

use a powered drill to speed up the process of repeatedly removing the face plate.","Take the process of elimination approach. Always make one change at a time before testing. This is my take:
Objective: determine if those 2 high spots are inherent to the burr or if it's an external factor; if it's an external factor, what can you do to trouble shoot what it is. if it's related to the burrs themselves, what can you do, if anything? 

Get a microfiber cloth and thoroughly clean all relevant elements. 

Use sensitive calipers to measure the thickness of the high and low spots, see if there's and variation.

Mark where these 2 high spots are on the burr with a sharpie. Try rotating the burrs to a new position on either the carrier or the inner chamber and screw them in and see if the high spots change. 

Try swapping the burrs after if nothing. 
-------------------------If high spots remain, there is a manufacturing inconsistency that you'll have to live with? You could upgrade from your Turkish burrs to SPP burrs if you 
really want excellent. 

use a powered drill to speed up the process of repeatedly removing the face plate.",1.0,,,"Take the process of elimination approach. Always make one change at a time before testing. This is my take:\nObjective: determine if those 2 high spots are inherent to the burr or if it's an external factor; if it's an external factor, what can you do to trouble shoot what it is. if it's related to the burrs themselves, what can you do, if anything? \n\nGet a microfiber cloth and thoroughly clean all relevant elements. \n\nUse sensitive calipers to measure the thickness of the high and low spots, see if there's and variation.\n\nMark where these 2 high spots are on the burr with a sharpie. Try rotating the burrs to a new position on either the carrier or the inner chamber and screw them in and see if the high spots change. \n\nTry swapping the burrs after if nothing. \n-------------------------If high spots remain, there is a manufacturing inconsistency that you'll have to live with? You could upgrade from your Turkish burrs to SPP burrs if you \nreally want excellent. \n\nuse a powered drill to speed up the process of repeatedly removing the face plate.",UCXoOflqS9MihzO8Qu8529CQ,Succulent Lord,Ugy6x8ND4X1qDc2lVct4AaABAg
1w7w7ow4iEo,,,,,2020-03-23T22:59:08Z,,"{'kind': 'youtube#comment', 'etag': 'o5-DKCI2sRH2KnvBEJeifOct5l0', 'id': 'Ugy6x8ND4X1qDc2lVct4AaABAg.96WTthl_H2k96ZVzRFWxVl', 'snippet': {'channelId': 'UC2IE2CK5Cw_26wVv3hPbAgQ', 'videoId': '1w7w7ow4iEo', 'textDisplay': ""Thank you so much for your feedback.  I went ahead ad the the Hale version of sanding the burr carriage and grinding chamber.  It worked.  here's a video of the method I used.  thanks so much for your help. https://www.youtube.com/watch?time_continue=130&v=GPHfzFsma3o&feature=emb_logo"", 'textOriginal': ""Thank you so much for your feedback.  I went ahead ad the the Hale version of sanding the burr carriage and grinding chamber.  It worked.  here's a video of the method I used.  thanks so much for your help. https://www.youtube.com/watch?time_continue=130&v=GPHfzFsma3o&feature=emb_logo"", 'parentId': 'Ugy6x8ND4X1qDc2lVct4AaABAg', 'authorDisplayName': 'David Ramsey', 'authorProfileImageUrl': 'https://yt3.ggpht.com/ytc/AL5GRJVgBXMSJGvbXHkQyOscuqF5A6Tk-rAkEPE35urVmQ=s48-c-k-c0x00ffffff-no-rj', 'authorChannelUrl': 'http://www.youtube.com/channel/UC2IE2CK5Cw_26wVv3hPbAgQ', 'authorChannelId': {'value': 'UC2IE2CK5Cw_26wVv3hPbAgQ'}, 'canRate': True, 'viewerRating': 'none', 'likeCount': 0, 'publishedAt': '2020-03-23T22:59:08Z', 'updatedAt': '2020-03-23T22:59:08Z'}}",Thank you so much for your feedback.  I went ahead ad the the Hale version of sanding the burr carriage and grinding chamber.  It worked.  here's a video of the method I used.  thanks so much for your help. https://www.youtube.com/watch?time_continue=130&v=GPHfzFsma3o&feature=emb_logo,Thank you so much for your feedback.  I went ahead ad the the Hale version of sanding the burr carriage and grinding chamber.  It worked.  here's a video of the method I used.  thanks so much for your help. https://www.youtube.com/watch?time_continue=130&v=GPHfzFsma3o&feature=emb_logo,,"{'kind': 'youtube#comment', 'etag': 'o5-DKCI2sRH2KnvBEJeifOct5l0', 'id': 'Ugy6x8ND4X1qDc2lVct4AaABAg.96WTthl_H2k96ZVzRFWxVl', 'snippet': {'channelId': 'UC2IE2CK5Cw_26wVv3hPbAgQ', 'videoId': '1w7w7ow4iEo', 'textDisplay': ""Thank you so much for your feedback.  I went ahead ad the the Hale version of sanding the burr carriage and grinding chamber.  It worked.  here's a video of the method I used.  thanks so much for your help. https://www.youtube.com/watch?time_continue=130&v=GPHfzFsma3o&feature=emb_logo"", 'textOriginal': ""Thank you so much for your feedback.  I went ahead ad the the Hale version of sanding the burr carriage and grinding chamber.  It worked.  here's a video of the method I used.  thanks so much for your help. https://www.youtube.com/watch?time_continue=130&v=GPHfzFsma3o&feature=emb_logo"", 'parentId': 'Ugy6x8ND4X1qDc2lVct4AaABAg', 'authorDisplayName': 'David Ramsey', 'authorProfileImageUrl': 'https://yt3.ggpht.com/ytc/AL5GRJVgBXMSJGvbXHkQyOscuqF5A6Tk-rAkEPE35urVmQ=s48-c-k-c0x00ffffff-no-rj', 'authorChannelUrl': 'http://www.youtube.com/channel/UC2IE2CK5Cw_26wVv3hPbAgQ', 'authorChannelId': {'value': 'UC2IE2CK5Cw_26wVv3hPbAgQ'}, 'canRate': True, 'viewerRating': 'none', 'likeCount': 0, 'publishedAt': '2020-03-23T22:59:08Z', 'updatedAt': '2020-03-23T22:59:08Z'}}",Ugy6x8ND4X1qDc2lVct4AaABAg.96WTthl_H2k96ZVzRFWxVl,Thank you so much for your feedback.  I went ahead ad the the Hale version of sanding the burr carriage and grinding chamber.  It worked.  here's a video of the method I used.  thanks so much for your help. https://www.youtube.com/watch?time_continue=130&v=GPHfzFsma3o&feature=emb_logo,UC2IE2CK5Cw_26wVv3hPbAgQ,David Ramsey,Ugy6x8ND4X1qDc2lVct4AaABAg.96WTthl_H2k96ZVzRFWxVl
1w7w7ow4iEo,,,,,2020-02-20T01:49:06Z,UgzMs6LwWrFQUYg8JhZ4AaABAg,"{'kind': 'youtube#commentThread', 'etag': '7Z0iuvJldzEzCj7gBUQtLaZxW8A', 'id': 'UgzMs6LwWrFQUYg8JhZ4AaABAg', 'snippet': {'channelId': 'UC2IE2CK5Cw_26wVv3hPbAgQ', 'videoId': '1w7w7ow4iEo', 'topLevelComment': {'kind': 'youtube#comment', 'etag': 'AW-tTFzBwTkiCg38dSca9HqGIwU', 'id': 'UgzMs6LwWrFQUYg8JhZ4AaABAg', 'snippet': {'channelId': 'UC2IE2CK5Cw_26wVv3hPbAgQ', 'videoId': '1w7w7ow4iEo', 'textDisplay': ""https://youtu.be/EIOPzw0sZac\nThis video is talking about burr by SSP's CEO/Engineer.\nSkip to  9:21."", 'textOriginal': ""https://youtu.be/EIOPzw0sZac\nThis video is talking about burr by SSP's CEO/Engineer.\nSkip to  9:21."", 'authorDisplayName': 'Jinn Shien Phang', 'authorProfileImageUrl': 'https://yt3.ggpht.com/ytc/AL5GRJXQakXGAffjQwPvXSo22UZrbqmRGrYyNKsWVS5Rig=s48-c-k-c0x00ffffff-no-rj', 'authorChannelUrl': 'http://www.youtube.com/channel/UCLuftP07BkqJszbY_-LkQ7A', 'authorChannelId': {'value': 'UCLuftP07BkqJszbY_-LkQ7A'}, 'canRate': True, 'viewerRating': 'none', 'likeCount': 0, 'publishedAt': '2020-02-20T01:49:06Z', 'updatedAt': '2020-02-20T01:49:06Z'}}, 'canReply': True, 'totalReplyCount': 0, 'isPublic': True}}","https://youtu.be/EIOPzw0sZac
This video is talking about burr by SSP's CEO/Engineer.
Skip to  9:21.","https://youtu.be/EIOPzw0sZac
This video is talking about burr by SSP's CEO/Engineer.
Skip to  9:21.",0.0,,,https://youtu.be/EIOPzw0sZac\nThis video is talking about burr by SSP's CEO/Engineer.\nSkip to  9:21.,UCLuftP07BkqJszbY_-LkQ7A,Jinn Shien Phang,UgzMs6LwWrFQUYg8JhZ4AaABAg
PAEFiJD4kc8,,,,,2017-08-13T02:26:03Z,UgzUJQvERFu1SPutcDB4AaABAg,"{'kind': 'youtube#commentThread', 'etag': 'rqN0Phr-WrADWUQAATE2FJ3ntt8', 'id': 'UgzUJQvERFu1SPutcDB4AaABAg', 'snippet': {'channelId': 'UC2IE2CK5Cw_26wVv3hPbAgQ', 'videoId': 'PAEFiJD4kc8', 'topLevelComment': {'kind': 'youtube#comment', 'etag': 'YT8-qIA5rOynu4OBwiO53CNzvbQ', 'id': 'UgzUJQvERFu1SPutcDB4AaABAg', 'snippet': {'channelId': 'UC2IE2CK5Cw_26wVv3hPbAgQ', 'videoId': 'PAEFiJD4kc8', 'textDisplay': ""Hey Dave - where'd you get that additional metal piece you place on the burner the burner? I need one of those s my coffee pot is just a little smaller than my burner grid.  Thanks!"", 'textOriginal': ""Hey Dave - where'd you get that additional metal piece you place on the burner the burner? I need one of those s my coffee pot is just a little smaller than my burner grid.  Thanks!"", 'authorDisplayName': 'Doug Oldiges', 'authorProfileImageUrl': 'https://yt3.ggpht.com/ytc/AL5GRJUnRjnfNABNx4MQFsBi8DSpf0jWeThkyrPFDw=s48-c-k-c0x00ffffff-no-rj', 'authorChannelUrl': 'http://www.youtube.com/channel/UCenJDWAbDQUpD16FESIXSPA', 'authorChannelId': {'value': 'UCenJDWAbDQUpD16FESIXSPA'}, 'canRate': True, 'viewerRating': 'none', 'likeCount': 0, 'publishedAt': '2017-08-13T02:26:03Z', 'updatedAt': '2017-08-13T02:26:03Z'}}, 'canReply': True, 'totalReplyCount': 1, 'isPublic': True}, 'replies': {'comments': [{'kind': 'youtube#comment', 'etag': 'h2gkS7yGuNHLBeEKWME9I9RMSI0', 'id': 'UgzUJQvERFu1SPutcDB4AaABAg.8WBPJ8GrlI58WeDIwRW__G', 'snippet': {'channelId': 'UC2IE2CK5Cw_26wVv3hPbAgQ', 'videoId': 'PAEFiJD4kc8', 'textDisplay': ""Doug Oldiges Fante's at 9th and cathrine PHILLY.  you can also order from them online."", 'textOriginal': ""Doug Oldiges Fante's at 9th and cathrine PHILLY.  you can also order from them online."", 'parentId': 'UgzUJQvERFu1SPutcDB4AaABAg', 'authorDisplayName': 'David Ramsey', 'authorProfileImageUrl': 'https://yt3.ggpht.com/ytc/AL5GRJVgBXMSJGvbXHkQyOscuqF5A6Tk-rAkEPE35urVmQ=s48-c-k-c0x00ffffff-no-rj', 'authorChannelUrl': 'http://www.youtube.com/channel/UC2IE2CK5Cw_26wVv3hPbAgQ', 'authorChannelId': {'value': 'UC2IE2CK5Cw_26wVv3hPbAgQ'}, 'canRate': True, 'viewerRating': 'none', 'likeCount': 0, 'publishedAt': '2017-08-24T16:18:23Z', 'updatedAt': '2017-08-24T16:18:23Z'}}]}}",Hey Dave - where'd you get that additional metal piece you place on the burner the burner? I need one of those s my coffee pot is just a little smaller than my burner grid.  Thanks!,Hey Dave - where'd you get that additional metal piece you place on the burner the burner? I need one of those s my coffee pot is just a little smaller than my burner grid.  Thanks!,1.0,,,Hey Dave - where'd you get that additional metal piece you place on the burner the burner? I need one of those s my coffee pot is just a little smaller than my burner grid.  Thanks!,UCenJDWAbDQUpD16FESIXSPA,Doug Oldiges,UgzUJQvERFu1SPutcDB4AaABAg
PAEFiJD4kc8,,,,,2017-08-24T16:18:23Z,,"{'kind': 'youtube#comment', 'etag': 'h2gkS7yGuNHLBeEKWME9I9RMSI0', 'id': 'UgzUJQvERFu1SPutcDB4AaABAg.8WBPJ8GrlI58WeDIwRW__G', 'snippet': {'channelId': 'UC2IE2CK5Cw_26wVv3hPbAgQ', 'videoId': 'PAEFiJD4kc8', 'textDisplay': ""Doug Oldiges Fante's at 9th and cathrine PHILLY.  you can also order from them online."", 'textOriginal': ""Doug Oldiges Fante's at 9th and cathrine PHILLY.  you can also order from them online."", 'parentId': 'UgzUJQvERFu1SPutcDB4AaABAg', 'authorDisplayName': 'David Ramsey', 'authorProfileImageUrl': 'https://yt3.ggpht.com/ytc/AL5GRJVgBXMSJGvbXHkQyOscuqF5A6Tk-rAkEPE35urVmQ=s48-c-k-c0x00ffffff-no-rj', 'authorChannelUrl': 'http://www.youtube.com/channel/UC2IE2CK5Cw_26wVv3hPbAgQ', 'authorChannelId': {'value': 'UC2IE2CK5Cw_26wVv3hPbAgQ'}, 'canRate': True, 'viewerRating': 'none', 'likeCount': 0, 'publishedAt': '2017-08-24T16:18:23Z', 'updatedAt': '2017-08-24T16:18:23Z'}}",Doug Oldiges Fante's at 9th and cathrine PHILLY.  you can also order from them online.,Doug Oldiges Fante's at 9th and cathrine PHILLY.  you can also order from them online.,,"{'kind': 'youtube#comment', 'etag': 'h2gkS7yGuNHLBeEKWME9I9RMSI0', 'id': 'UgzUJQvERFu1SPutcDB4AaABAg.8WBPJ8GrlI58WeDIwRW__G', 'snippet': {'channelId': 'UC2IE2CK5Cw_26wVv3hPbAgQ', 'videoId': 'PAEFiJD4kc8', 'textDisplay': ""Doug Oldiges Fante's at 9th and cathrine PHILLY.  you can also order from them online."", 'textOriginal': ""Doug Oldiges Fante's at 9th and cathrine PHILLY.  you can also order from them online."", 'parentId': 'UgzUJQvERFu1SPutcDB4AaABAg', 'authorDisplayName': 'David Ramsey', 'authorProfileImageUrl': 'https://yt3.ggpht.com/ytc/AL5GRJVgBXMSJGvbXHkQyOscuqF5A6Tk-rAkEPE35urVmQ=s48-c-k-c0x00ffffff-no-rj', 'authorChannelUrl': 'http://www.youtube.com/channel/UC2IE2CK5Cw_26wVv3hPbAgQ', 'authorChannelId': {'value': 'UC2IE2CK5Cw_26wVv3hPbAgQ'}, 'canRate': True, 'viewerRating': 'none', 'likeCount': 0, 'publishedAt': '2017-08-24T16:18:23Z', 'updatedAt': '2017-08-24T16:18:23Z'}}",UgzUJQvERFu1SPutcDB4AaABAg.8WBPJ8GrlI58WeDIwRW__G,Doug Oldiges Fante's at 9th and cathrine PHILLY.  you can also order from them online.,UC2IE2CK5Cw_26wVv3hPbAgQ,David Ramsey,UgzUJQvERFu1SPutcDB4AaABAg.8WBPJ8GrlI58WeDIwRW__G
Ag5LSHy9kpo,,,,,2017-04-03T05:28:46Z,Ugje_Y9XY-JPgngCoAEC,"{'kind': 'youtube#commentThread', 'etag': 'no-N-3TlBRLF1ZM0kX1mnHixrZQ', 'id': 'Ugje_Y9XY-JPgngCoAEC', 'snippet': {'channelId': 'UC2IE2CK5Cw_26wVv3hPbAgQ', 'videoId': 'Ag5LSHy9kpo', 'topLevelComment': {'kind': 'youtube#comment', 'etag': 'SksOMTE8PwhmXs6GlW2Pgks1bKw', 'id': 'Ugje_Y9XY-JPgngCoAEC', 'snippet': {'channelId': 'UC2IE2CK5Cw_26wVv3hPbAgQ', 'videoId': 'Ag5LSHy9kpo', 'textDisplay': ""More Karate videos ma'am"", 'textOriginal': ""More Karate videos ma'am"", 'authorDisplayName': 'SorryForGoingDownOnYourDad 69', 'authorProfileImageUrl': 'https://yt3.ggpht.com/ytc/AL5GRJUZJgfINI7oaje_TRA_6bkenwlidsgNzaLb1g=s48-c-k-c0x00ffffff-no-rj', 'authorChannelUrl': 'http://www.youtube.com/channel/UCuUxTZrb-c0ozypxffmvFIQ', 'authorChannelId': {'value': 'UCuUxTZrb-c0ozypxffmvFIQ'}, 'canRate': True, 'viewerRating': 'none', 'likeCount': 0, 'publishedAt': '2017-04-03T05:28:46Z', 'updatedAt': '2017-04-03T05:28:46Z'}}, 'canReply': True, 'totalReplyCount': 0, 'isPublic': True}}",More Karate videos ma'am,More Karate videos ma'am,0.0,,,More Karate videos ma'am,UCuUxTZrb-c0ozypxffmvFIQ,SorryForGoingDownOnYourDad 69,Ugje_Y9XY-JPgngCoAEC
PAEFiJD4kc8,,,,,2016-12-28T23:13:18Z,Ugh-PaIbqK-8lngCoAEC,"{'kind': 'youtube#commentThread', 'etag': 'Mh2haycj7NMAl_OxpxWTufCjl40', 'id': 'Ugh-PaIbqK-8lngCoAEC', 'snippet': {'channelId': 'UC2IE2CK5Cw_26wVv3hPbAgQ', 'videoId': 'PAEFiJD4kc8', 'topLevelComment': {'kind': 'youtube#comment', 'etag': 'RI5kxV8FLkukfKarKlcao8mV_e0', 'id': 'Ugh-PaIbqK-8lngCoAEC', 'snippet': {'channelId': 'UC2IE2CK5Cw_26wVv3hPbAgQ', 'videoId': 'PAEFiJD4kc8', 'textDisplay': ""Thank you for sharing! I got a used one from eBay for only $15 with original manual and package! However, I didn't use hot water when I tested it, and the coffee was like room temperature. At that time I assumed that the safety valve or the rubber gasket had leakage, and just the replaced it with my 2-cups Bialetti boiler (it does fit). The coffee was warm and tasted wonderful (smoother and less burnt smell than regular mocha). My Gemini comes with a extra reducer filer and I use it every time. Next time Will try to use hot water to start with. This is a very smart, 70s and timeless design but surprisingly underrepresented."", 'textOriginal': ""Thank you for sharing! I got a used one from eBay for only $15 with original manual and package! However, I didn't use hot water when I tested it, and the coffee was like room temperature. At that time I assumed that the safety valve or the rubber gasket had leakage, and just the replaced it with my 2-cups Bialetti boiler (it does fit). The coffee was warm and tasted wonderful (smoother and less burnt smell than regular mocha). My Gemini comes with a extra reducer filer and I use it every time. Next time Will try to use hot water to start with. This is a very smart, 70s and timeless design but surprisingly underrepresented."", 'authorDisplayName': 'Minerva Li', 'authorProfileImageUrl': 'https://yt3.ggpht.com/ytc/AL5GRJXYKb-oEUcfWtDkPVKn0TbJ3HBgnuz7veBbze9T=s48-c-k-c0x00ffffff-no-rj', 'authorChannelUrl': 'http://www.youtube.com/channel/UC2_I4U5whuFKaVbqWHpa6Hg', 'authorChannelId': {'value': 'UC2_I4U5whuFKaVbqWHpa6Hg'}, 'canRate': True, 'viewerRating': 'none', 'likeCount': 1, 'publishedAt': '2016-12-28T23:13:18Z', 'updatedAt': '2016-12-28T23:13:18Z'}}, 'canReply': True, 'totalReplyCount': 0, 'isPublic': True}}","Thank you for sharing! I got a used one from eBay for only $15 with original manual and package! However, I didn't use hot water when I tested it, and the coffee was like room temperature. At that time I assumed that the safety valve or the rubber gasket had leakage, and just the replaced it with my 2-cups Bialetti boiler (it does fit). The coffee was warm and tasted wonderful (smoother and less burnt smell than regular mocha). My Gemini comes with a extra reducer filer and I use it every time. Next time Will try to use hot water to start with. This is a very smart, 70s and timeless design but surprisingly underrepresented.","Thank you for sharing! I got a used one from eBay for only $15 with original manual and package! However, I didn't use hot water when I tested it, and the coffee was like room temperature. At that time I assumed that the safety valve or the rubber gasket had leakage, and just the replaced it with my 2-cups Bialetti boiler (it does fit). The coffee was warm and tasted wonderful (smoother and less burnt smell than regular mocha). My Gemini comes with a extra reducer filer and I use it every time. Next time Will try to use hot water to start with. This is a very smart, 70s and timeless design but surprisingly underrepresented.",0.0,,,"Thank you for sharing! I got a used one from eBay for only $15 with original manual and package! However, I didn't use hot water when I tested it, and the coffee was like room temperature. At that time I assumed that the safety valve or the rubber gasket had leakage, and just the replaced it with my 2-cups Bialetti boiler (it does fit). The coffee was warm and tasted wonderful (smoother and less burnt smell than regular mocha). My Gemini comes with a extra reducer filer and I use it every time. Next time Will try to use hot water to start with. This is a very smart, 70s and timeless design but surprisingly underrepresented.",UC2_I4U5whuFKaVbqWHpa6Hg,Minerva Li,Ugh-PaIbqK-8lngCoAEC
PAEFiJD4kc8,,,,,2016-09-23T16:16:32Z,UgiiWItryuit2ngCoAEC,"{'kind': 'youtube#commentThread', 'etag': 'FgOiCkrkF5deLjiVuRxY2OZslyM', 'id': 'UgiiWItryuit2ngCoAEC', 'snippet': {'channelId': 'UC2IE2CK5Cw_26wVv3hPbAgQ', 'videoId': 'PAEFiJD4kc8', 'topLevelComment': {'kind': 'youtube#comment', 'etag': 'sn05Cu7kug38AVut4iPaN46w608', 'id': 'UgiiWItryuit2ngCoAEC', 'snippet': {'channelId': 'UC2IE2CK5Cw_26wVv3hPbAgQ', 'videoId': 'PAEFiJD4kc8', 'textDisplay': 'Just got one of these espresso makers and your video was very helpful. First try with Illy Moka yielded a really delicious cup and I probably had the water too hot for too long. Will try to turn it down as I go like you showed next time around. Anyway, thanks!', 'textOriginal': 'Just got one of these espresso makers and your video was very helpful. First try with Illy Moka yielded a really delicious cup and I probably had the water too hot for too long. Will try to turn it down as I go like you showed next time around. Anyway, thanks!', 'authorDisplayName': 'Jeff Acker', 'authorProfileImageUrl': 'https://yt3.ggpht.com/ytc/AL5GRJWgW8HM4oQr9pLNjiTf5yL46AfS-OcHB1Y_jmtZ=s48-c-k-c0x00ffffff-no-rj', 'authorChannelUrl': 'http://www.youtube.com/channel/UC-RE0QYLqxVY6I_TtpqrrbQ', 'authorChannelId': {'value': 'UC-RE0QYLqxVY6I_TtpqrrbQ'}, 'canRate': True, 'viewerRating': 'none', 'likeCount': 0, 'publishedAt': '2016-09-23T16:16:32Z', 'updatedAt': '2016-09-23T16:16:32Z'}}, 'canReply': True, 'totalReplyCount': 1, 'isPublic': True}, 'replies': {'comments': [{'kind': 'youtube#comment', 'etag': '84epATd1F59m-sAv7XauL1153Kk', 'id': 'UgiiWItryuit2ngCoAEC.8JAbnGPdTIc8JDcKw2sWy0', 'snippet': {'channelId': 'UC2IE2CK5Cw_26wVv3hPbAgQ', 'videoId': 'PAEFiJD4kc8', 'textDisplay': 'nice. also for more precision (geekiness) try weighing the water in to keep it consistent. also maybe the grounds?  good luck and have fun!', 'textOriginal': 'nice. also for more precision (geekiness) try weighing the water in to keep it consistent. also maybe the grounds?  good luck and have fun!', 'parentId': 'UgiiWItryuit2ngCoAEC', 'authorDisplayName': 'David Ramsey', 'authorProfileImageUrl': 'https://yt3.ggpht.com/ytc/AL5GRJVgBXMSJGvbXHkQyOscuqF5A6Tk-rAkEPE35urVmQ=s48-c-k-c0x00ffffff-no-rj', 'authorChannelUrl': 'http://www.youtube.com/channel/UC2IE2CK5Cw_26wVv3hPbAgQ', 'authorChannelId': {'value': 'UC2IE2CK5Cw_26wVv3hPbAgQ'}, 'canRate': True, 'viewerRating': 'none', 'likeCount': 0, 'publishedAt': '2016-09-24T20:18:59Z', 'updatedAt': '2016-09-24T20:18:59Z'}}]}}","Just got one of these espresso makers and your video was very helpful. First try with Illy Moka yielded a really delicious cup and I probably had the water too hot for too long. Will try to turn it down as I go like you showed next time around. Anyway, thanks!","Just got one of these espresso makers and your video was very helpful. First try with Illy Moka yielded a really delicious cup and I probably had the water too hot for too long. Will try to turn it down as I go like you showed next time around. Anyway, thanks!",1.0,,,"Just got one of these espresso makers and your video was very helpful. First try with Illy Moka yielded a really delicious cup and I probably had the water too hot for too long. Will try to turn it down as I go like you showed next time around. Anyway, thanks!",UC-RE0QYLqxVY6I_TtpqrrbQ,Jeff Acker,UgiiWItryuit2ngCoAEC
PAEFiJD4kc8,,,,,2016-09-24T20:18:59Z,,"{'kind': 'youtube#comment', 'etag': '84epATd1F59m-sAv7XauL1153Kk', 'id': 'UgiiWItryuit2ngCoAEC.8JAbnGPdTIc8JDcKw2sWy0', 'snippet': {'channelId': 'UC2IE2CK5Cw_26wVv3hPbAgQ', 'videoId': 'PAEFiJD4kc8', 'textDisplay': 'nice. also for more precision (geekiness) try weighing the water in to keep it consistent. also maybe the grounds?  good luck and have fun!', 'textOriginal': 'nice. also for more precision (geekiness) try weighing the water in to keep it consistent. also maybe the grounds?  good luck and have fun!', 'parentId': 'UgiiWItryuit2ngCoAEC', 'authorDisplayName': 'David Ramsey', 'authorProfileImageUrl': 'https://yt3.ggpht.com/ytc/AL5GRJVgBXMSJGvbXHkQyOscuqF5A6Tk-rAkEPE35urVmQ=s48-c-k-c0x00ffffff-no-rj', 'authorChannelUrl': 'http://www.youtube.com/channel/UC2IE2CK5Cw_26wVv3hPbAgQ', 'authorChannelId': {'value': 'UC2IE2CK5Cw_26wVv3hPbAgQ'}, 'canRate': True, 'viewerRating': 'none', 'likeCount': 0, 'publishedAt': '2016-09-24T20:18:59Z', 'updatedAt': '2016-09-24T20:18:59Z'}}",nice. also for more precision (geekiness) try weighing the water in to keep it consistent. also maybe the grounds?  good luck and have fun!,nice. also for more precision (geekiness) try weighing the water in to keep it consistent. also maybe the grounds?  good luck and have fun!,,"{'kind': 'youtube#comment', 'etag': '84epATd1F59m-sAv7XauL1153Kk', 'id': 'UgiiWItryuit2ngCoAEC.8JAbnGPdTIc8JDcKw2sWy0', 'snippet': {'channelId': 'UC2IE2CK5Cw_26wVv3hPbAgQ', 'videoId': 'PAEFiJD4kc8', 'textDisplay': 'nice. also for more precision (geekiness) try weighing the water in to keep it consistent. also maybe the grounds?  good luck and have fun!', 'textOriginal': 'nice. also for more precision (geekiness) try weighing the water in to keep it consistent. also maybe the grounds?  good luck and have fun!', 'parentId': 'UgiiWItryuit2ngCoAEC', 'authorDisplayName': 'David Ramsey', 'authorProfileImageUrl': 'https://yt3.ggpht.com/ytc/AL5GRJVgBXMSJGvbXHkQyOscuqF5A6Tk-rAkEPE35urVmQ=s48-c-k-c0x00ffffff-no-rj', 'authorChannelUrl': 'http://www.youtube.com/channel/UC2IE2CK5Cw_26wVv3hPbAgQ', 'authorChannelId': {'value': 'UC2IE2CK5Cw_26wVv3hPbAgQ'}, 'canRate': True, 'viewerRating': 'none', 'likeCount': 0, 'publishedAt': '2016-09-24T20:18:59Z', 'updatedAt': '2016-09-24T20:18:59Z'}}",UgiiWItryuit2ngCoAEC.8JAbnGPdTIc8JDcKw2sWy0,nice. also for more precision (geekiness) try weighing the water in to keep it consistent. also maybe the grounds?  good luck and have fun!,UC2IE2CK5Cw_26wVv3hPbAgQ,David Ramsey,UgiiWItryuit2ngCoAEC.8JAbnGPdTIc8JDcKw2sWy0
PAEFiJD4kc8,,,,,2013-02-08T02:22:39Z,UgyjmOsdq_3dtoSMWz54AaABAg,"{'kind': 'youtube#commentThread', 'etag': '-HeRry0kgG2At-nqzo4aF4itbqU', 'id': 'UgyjmOsdq_3dtoSMWz54AaABAg', 'snippet': {'channelId': 'UC2IE2CK5Cw_26wVv3hPbAgQ', 'videoId': 'PAEFiJD4kc8', 'topLevelComment': {'kind': 'youtube#comment', 'etag': '2rvHvGMxLkULd0EKuC6YyTh8gQg', 'id': 'UgyjmOsdq_3dtoSMWz54AaABAg', 'snippet': {'channelId': 'UC2IE2CK5Cw_26wVv3hPbAgQ', 'videoId': 'PAEFiJD4kc8', 'textDisplay': ""maybe try putting a couple washers under one side of the moka pot to lean it?  or something else like that?\n\nsorry for the late response.  I thought I had replied to this a while ago but it was on my phone and didn't work I guess. "", 'textOriginal': ""maybe try putting a couple washers under one side of the moka pot to lean it?  or something else like that?\n\nsorry for the late response.  I thought I had replied to this a while ago but it was on my phone and didn't work I guess. "", 'authorDisplayName': 'David Ramsey', 'authorProfileImageUrl': 'https://yt3.ggpht.com/ytc/AL5GRJVgBXMSJGvbXHkQyOscuqF5A6Tk-rAkEPE35urVmQ=s48-c-k-c0x00ffffff-no-rj', 'authorChannelUrl': 'http://www.youtube.com/channel/UC2IE2CK5Cw_26wVv3hPbAgQ', 'authorChannelId': {'value': 'UC2IE2CK5Cw_26wVv3hPbAgQ'}, 'canRate': True, 'viewerRating': 'none', 'likeCount': 0, 'publishedAt': '2013-02-08T02:22:39Z', 'updatedAt': '2013-02-08T02:22:39Z'}}, 'canReply': True, 'totalReplyCount': 0, 'isPublic': True}}","maybe try putting a couple washers under one side of the moka pot to lean it?  or something else like that?

sorry for the late response.  I thought I had replied to this a while ago but it was on my phone and didn't work I guess. ","maybe try putting a couple washers under one side of the moka pot to lean it?  or something else like that?

sorry for the late response.  I thought I had replied to this a while ago but it was on my phone and didn't work I guess. ",0.0,,,maybe try putting a couple washers under one side of the moka pot to lean it?  or something else like that?\n\nsorry for the late response.  I thought I had replied to this a while ago but it was on my phone and didn't work I guess. ,UC2IE2CK5Cw_26wVv3hPbAgQ,David Ramsey,UgyjmOsdq_3dtoSMWz54AaABAg
PAEFiJD4kc8,,,,,2013-01-20T16:51:16Z,Ugy2E4vtMUBefFxODwp4AaABAg,"{'kind': 'youtube#commentThread', 'etag': 'EdKnGnyHDqppr0HDvPc3l-b7erM', 'id': 'Ugy2E4vtMUBefFxODwp4AaABAg', 'snippet': {'channelId': 'UC2IE2CK5Cw_26wVv3hPbAgQ', 'videoId': 'PAEFiJD4kc8', 'topLevelComment': {'kind': 'youtube#comment', 'etag': 'B2u9rlSiYSliIvl8XHlYc8SEemA', 'id': 'Ugy2E4vtMUBefFxODwp4AaABAg', 'snippet': {'channelId': 'UC2IE2CK5Cw_26wVv3hPbAgQ', 'videoId': 'PAEFiJD4kc8', 'textDisplay': ""Great video, Dave. I got my unit at Fante's also, back in November. I've noticed that no matter what I do, the espresso primarily comes out of the left hand spot, making it impossible to brew in two demitasse cups. I've checked the unit for obstructions and it looks clear. Any ideas? \n"", 'textOriginal': ""Great video, Dave. I got my unit at Fante's also, back in November. I've noticed that no matter what I do, the espresso primarily comes out of the left hand spot, making it impossible to brew in two demitasse cups. I've checked the unit for obstructions and it looks clear. Any ideas? \n"", 'authorDisplayName': 'drummerdaneds', 'authorProfileImageUrl': 'https://yt3.ggpht.com/ytc/AL5GRJWm5YCXD52kJntlm6jZVSiAkpGtvaJeEGpNVg=s48-c-k-c0x00ffffff-no-rj', 'authorChannelUrl': 'http://www.youtube.com/channel/UCQM7S3ckBKVTvKNXA3ruS_A', 'authorChannelId': {'value': 'UCQM7S3ckBKVTvKNXA3ruS_A'}, 'canRate': True, 'viewerRating': 'none', 'likeCount': 0, 'publishedAt': '2013-01-20T16:51:16Z', 'updatedAt': '2013-01-20T16:51:16Z'}}, 'canReply': True, 'totalReplyCount': 1, 'isPublic': True}, 'replies': {'comments': [{'kind': 'youtube#comment', 'etag': 'WLHRjwOb-oVQziPTqkyZ7WtBdQw', 'id': 'Ugy2E4vtMUBefFxODwp4AaABAg.8GbOBBIfXDA9XhxEAHgkFy', 'snippet': {'channelId': 'UC2IE2CK5Cw_26wVv3hPbAgQ', 'videoId': 'PAEFiJD4kc8', 'textDisplay': 'I have this issue too- the LARGE majority of liquid pours from my (facing the pot) left spout.', 'textOriginal': 'I have this issue too- the LARGE majority of liquid pours from my (facing the pot) left spout.', 'parentId': 'Ugy2E4vtMUBefFxODwp4AaABAg', 'authorDisplayName': 'K Richardson', 'authorProfileImageUrl': 'https://yt3.ggpht.com/ytc/AL5GRJWFvsDh9gBkQIujXSIjwtkbHynGAH8us76eFdfq=s48-c-k-c0x00ffffff-no-rj', 'authorChannelUrl': 'http://www.youtube.com/channel/UCqZPnM7t043ZEBzNboiIpKw', 'authorChannelId': {'value': 'UCqZPnM7t043ZEBzNboiIpKw'}, 'canRate': True, 'viewerRating': 'none', 'likeCount': 0, 'publishedAt': '2022-01-27T17:06:46Z', 'updatedAt': '2022-01-27T17:06:46Z'}}]}}","Great video, Dave. I got my unit at Fante's also, back in November. I've noticed that no matter what I do, the espresso primarily comes out of the left hand spot, making it impossible to brew in two demitasse cups. I've checked the unit for obstructions and it looks clear. Any ideas? 
","Great video, Dave. I got my unit at Fante's also, back in November. I've noticed that no matter what I do, the espresso primarily comes out of the left hand spot, making it impossible to brew in two demitasse cups. I've checked the unit for obstructions and it looks clear. Any ideas? 
",1.0,,,"Great video, Dave. I got my unit at Fante's also, back in November. I've noticed that no matter what I do, the espresso primarily comes out of the left hand spot, making it impossible to brew in two demitasse cups. I've checked the unit for obstructions and it looks clear. Any ideas? \n",UCQM7S3ckBKVTvKNXA3ruS_A,drummerdaneds,Ugy2E4vtMUBefFxODwp4AaABAg
PAEFiJD4kc8,,,,,2022-01-27T17:06:46Z,,"{'kind': 'youtube#comment', 'etag': 'WLHRjwOb-oVQziPTqkyZ7WtBdQw', 'id': 'Ugy2E4vtMUBefFxODwp4AaABAg.8GbOBBIfXDA9XhxEAHgkFy', 'snippet': {'channelId': 'UC2IE2CK5Cw_26wVv3hPbAgQ', 'videoId': 'PAEFiJD4kc8', 'textDisplay': 'I have this issue too- the LARGE majority of liquid pours from my (facing the pot) left spout.', 'textOriginal': 'I have this issue too- the LARGE majority of liquid pours from my (facing the pot) left spout.', 'parentId': 'Ugy2E4vtMUBefFxODwp4AaABAg', 'authorDisplayName': 'K Richardson', 'authorProfileImageUrl': 'https://yt3.ggpht.com/ytc/AL5GRJWFvsDh9gBkQIujXSIjwtkbHynGAH8us76eFdfq=s48-c-k-c0x00ffffff-no-rj', 'authorChannelUrl': 'http://www.youtube.com/channel/UCqZPnM7t043ZEBzNboiIpKw', 'authorChannelId': {'value': 'UCqZPnM7t043ZEBzNboiIpKw'}, 'canRate': True, 'viewerRating': 'none', 'likeCount': 0, 'publishedAt': '2022-01-27T17:06:46Z', 'updatedAt': '2022-01-27T17:06:46Z'}}",I have this issue too- the LARGE majority of liquid pours from my (facing the pot) left spout.,I have this issue too- the LARGE majority of liquid pours from my (facing the pot) left spout.,,"{'kind': 'youtube#comment', 'etag': 'WLHRjwOb-oVQziPTqkyZ7WtBdQw', 'id': 'Ugy2E4vtMUBefFxODwp4AaABAg.8GbOBBIfXDA9XhxEAHgkFy', 'snippet': {'channelId': 'UC2IE2CK5Cw_26wVv3hPbAgQ', 'videoId': 'PAEFiJD4kc8', 'textDisplay': 'I have this issue too- the LARGE majority of liquid pours from my (facing the pot) left spout.', 'textOriginal': 'I have this issue too- the LARGE majority of liquid pours from my (facing the pot) left spout.', 'parentId': 'Ugy2E4vtMUBefFxODwp4AaABAg', 'authorDisplayName': 'K Richardson', 'authorProfileImageUrl': 'https://yt3.ggpht.com/ytc/AL5GRJWFvsDh9gBkQIujXSIjwtkbHynGAH8us76eFdfq=s48-c-k-c0x00ffffff-no-rj', 'authorChannelUrl': 'http://www.youtube.com/channel/UCqZPnM7t043ZEBzNboiIpKw', 'authorChannelId': {'value': 'UCqZPnM7t043ZEBzNboiIpKw'}, 'canRate': True, 'viewerRating': 'none', 'likeCount': 0, 'publishedAt': '2022-01-27T17:06:46Z', 'updatedAt': '2022-01-27T17:06:46Z'}}",Ugy2E4vtMUBefFxODwp4AaABAg.8GbOBBIfXDA9XhxEAHgkFy,I have this issue too- the LARGE majority of liquid pours from my (facing the pot) left spout.,UCqZPnM7t043ZEBzNboiIpKw,K Richardson,Ugy2E4vtMUBefFxODwp4AaABAg.8GbOBBIfXDA9XhxEAHgkFy
